year,verb,gender
1970,convinces,male
1970,lives,male
1970,lives,male
1970,gets,male
1970,nets,male
1970,thinks,male
1970,gives,male
1970,molests,male
1970,discovers,male
1970,falls,male
1970,steps,male
1970,believes,male
1970,brings,male
1970,draws,male
1970,ends,male
1970,rents,male
1970,comes,male
1970,sings,male
1970,leaves,male
1970,consults,male
1970,informs,male
1971,kidnaps,male
1971,introduces,male
1971,shoots,male
1971,gets,male
1971,takes,male
1971,happens,male
1971,slips,male
1971,gets,male
1971,rebukes,male
1971,marries,male
1971,bears,male
1971,dies,male
1971,smiles,male
1971,earns,male
1971,s,male
1971,finds,male
1971,lives,male
1971,kills,male
1971,reaches,male
1971,identifies,male
1971,lives,male
1971,decides,male
1971,makes,male
1971,tries,male
1971,overhears,male
1971,tells,male
1971,returns,male
1971,leaves,male
1971,leads,male
1971,appoints,male
1971,arranges,male
1971,dies,male
1971,decides,male
1971,stops,male
1971,starts,male
1971,attains,male
1971,gives,male
1973,breaks,male
1973,comes,male
1973,needs,male
1973,decides,male
1973,asks,male
1973,feels,male
1973,discovers,male
1973,refuses,male
1973,arrives,male
1973,tries,male
1973,falls,male
1973,shields,male
1973,decides,male
1973,claims,male
1973,lives,male
1973,phones,male
1973,asks,male
1973,comes,male
1973,tries,male
1973,infiltrates,male
1973,prepares,male
1974,finds,male
1974,remarries,male
1974,enters,male
1974,suggests,male
1974,enters,male
1974,plots,male
1974,claims,male
1974,fights,male
1974,kidnaps,male
1974,begins,male
1974,grows,male
1974,does,male
1974,changes,male
1974,attempts,male
1974,asks,male
1974,asks,male
1974,falls,male
1974,comes,male
1974,travels,male
1974,abandons,male
1974,lives,male
1974,meets,male
1974,comes,male
1974,passes,male
1975,travels,male
1975,helps,male
1975,leaves,male
1975,includes,male
1975,beats,male
1975,beats,male
1975,abducts,male
1975,leaves,male
1975,goes,male
1975,finds,male
1975,befriends,male
1975,meets,male
1975,dies,male
1975,stays,male
1975,arranges,male
1975,changes,male
1975,sees,male
1975,wins,male
1975,grows,male
1975,remains,male
1975,falls,male
1975,beats,male
1975,summons,male
1975,turns,male
1975,helps,male
1975,refuses,male
1975,fights,male
1976,raises,male
1976,agrees,male
1976,leaves,male
1976,raises,male
1976,raises,male
1976,thinks,male
1976,wants,male
1976,tells,male
1976,pops,male
1976,decides,male
1976,passes,male
1976,informs,male
1976,discovers,male
1976,makes,male
1976,comes,male
1976,asks,male
1976,finds,male
1976,lives,male
1976,encounters,male
1976,dies,male
1976,feels,male
1976,steals,male
1976,kills,male
1976,sees,male
1976,informs,male
1976,informs,male
1977,receives,male
1977,goes,male
1977,meets,male
1977,wants,male
1977,performs,male
1977,defies,male
1977,kidnaps,male
1977,reappears,male
1977,lives,male
1977,asks,male
1977,falls,male
1977,falls,male
1977,finds,male
1977,finds,male
1977,falls,male
1977,resents,male
1977,dislikes,male
1977,remains,male
1977,goes,male
1977,marries,male
1977,teaches,male
1977,vows,male
1977,lives,male
1977,reminds,male
1977,gives,male
1977,starts,male
1977,uses,male
1977,uses,male
1977,tries,male
1977,meets,male
1977,attacks,male
1977,dwarkadas,male
1977,dwarkadas,male
1977,hears,male
1977,informs,male
1977,gets,male
1977,arrives,male
1977,asks,male
1977,wants,male
1977,seeks,male
1977,raises,male
1977,takes,male
1978,ends,male
1978,meets,male
1978,faces,male
1978,commits,male
1978,wins,male
1978,meets,male
1978,finds,male
1978,begins,male
1978,remembers,male
1978,decides,male
1978,follows,male
1978,feels,male
1978,comes,male
1978,introduces,male
1978,recovers,male
1978,comes,male
1978,dies,male
1978,rescues,male
1978,goes,male
1978,begins,male
1978,follows,male
1978,permits,male
1978,realises,male
1978,comes,male
1978,brings,male
1978,tries,male
1978,gives,male
1978,rescues,male
1978,tells,male
1979,despises,male
1979,accepts,male
1979,introduces,male
1979,introduces,male
1979,passes,male
1979,holds,male
1979,agrees,male
1979,finds,male
1979,refuses,male
1979,consists,male
1979,rescues,male
1979,informs,male
1979,borrows,male
1979,shocks,male
1979,gets,male
1979,falls,male
1979,joins,male
1979,betrays,male
1979,kills,male
1979,gives,male
1979,encourages,male
1979,helps,male
1979,bhojraj,male
1979,locates,male
1979,checks,male
1979,creates,male
1979,discovers,male
1979,lives,male
1979,brings,male
1979,threatens,male
1979,captures,male
1979,comes,male
1979,steals,male
1979,brings,male
1979,abandons,male
1980,tells,male
1980,sets,male
1980,informs,male
1980,exploits,male
1980,asks,male
1980,marries,male
1980,fake,male
1980,abducts,male
1980,meets,male
1980,meets,male
1980,catches,male
1980,decides,male
1980,loses,male
1980,begs,male
1980,wants,male
1980,lives,male
1980,makes,male
1980,meets,male
1980,sees,male
1980,marries,male
1980,wins,male
1980,grows,male
1980,tries,male
1980,tries,male
1980,comes,male
1980,belongs,male
1980,proves,male
1980,believes,male
1980,intends,male
1980,saves,male
1980,backfires,male
1980,confesses,male
1980,offers,male
1980,puts,male
1980,befriends,male
1980,passes,male
1980,picks,male
1981,meets,male
1981,tries,male
1981,matches,male
1981,knows,male
1981,lies,male
1981,brings,male
1981,switches,male
1981,grows,male
1981,takes,male
1981,lives,male
1981,buys,male
1981,destroys,male
1981,calls,male
1981,accepts,male
1981,begets,male
1981,kills,male
1981,kills,male
1981,gets,male
1981,commits,male
1981,wants,male
1981,lives,male
1981,grows,male
1981,sets,male
1981,asks,male
1981,leaves,male
1981,forbids,male
1981,reveals,male
1981,finds,male
1981,marries,male
1981,meets,male
1982,decides,male
1982,works,male
1982,attempts,male
1982,grows,male
1982,dies,male
1982,recognizes,male
1982,meets,male
1982,kidnaps,male
1982,heads,male
1982,agrees,male
1982,hires,male
1982,comes,male
1982,brings,male
1982,alias,male
1982,finds,male
1982,arranges,male
1982,saves,male
1982,loses,male
1982,takes,male
1982,steps,male
1982,murders,male
1982,spurns,male
1982,meets,male
1982,rapes,male
1982,crushes,male
1982,makes,male
1982,loves,male
1982,loves,male
1982,meets,male
1982,forces,male
1982,angers,male
1982,finds,male
1982,recognises,male
1982,kills,male
1982,asks,male
1982,attempts,male
1982,decides,male
1982,informs,male
1982,vows,male
1982,chooses,male
1982,sustains,male
1983,opposes,male
1983,works,male
1983,brings,male
1983,resents,male
1983,garlands,male
1983,throws,male
1983,meets,male
1983,takes,male
1983,concludes,male
1983,kills,male
1983,demands,male
1983,insists,male
1983,hires,male
1983,sees,male
1983,finds,male
1983,places,male
1983,remarries,male
1983,meets,male
1983,escapes,male
1983,kills,male
1983,makes,male
1983,wants,male
1983,grabs,male
1983,raises,male
1983,grabs,male
1983,grows,male
1983,leaves,male
1983,comes,male
1983,makes,male
1983,lives,male
1983,needs,male
1983,brings,male
1983,changes,male
1983,refuses,male
1983,meets,male
1983,saves,male
1983,defies,male
1983,meets,male
1983,puts,male
1983,comes,male
1983,wants,male
1983,wanders,male
1983,knows,male
1984,visits,male
1984,finds,male
1984,bails,male
1984,expresses,male
1984,asks,male
1984,motivates,male
1984,asks,male
1984,meets,male
1984,remembers,male
1984,meets,male
1984,meets,male
1984,kills,male
1984,watches,male
1984,opposes,male
1984,knifes,male
1984,asks,male
1984,takes,male
1984,asks,male
1984,asks,male
1984,sees,male
1984,falls,male
1984,tries,male
1984,tries,male
1984,meets,male
1984,attempts,male
1984,telegrams,male
1984,meets,male
1984,understands,male
1984,proposes,male
1984,learns,male
1984,kills,male
1984,escapes,male
1984,grows,male
1984,tells,male
1984,grows,male
1984,takes,male
1984,marries,male
1984,sets,male
1984,refuses,male
1984,agrees,male
1985,travels,male
1985,attempts,male
1985,marries,male
1985,meets,male
1985,destroys,male
1985,blesses,male
1985,notes,male
1985,gets,male
1985,feels,male
1985,kills,male
1985,accumulates,male
1985,comes,male
1985,comes,male
1985,calls,male
1985,goes,male
1985,resides,male
1985,dies,male
1985,plans,male
1985,discovers,male
1985,joins,male
1985,sets,male
1985,confesses,male
1985,goes,male
1985,cheats,male
1985,shoots,male
1985,asks,male
1985,asks,male
1985,informs,male
1985,leaves,male
1985,comes,male
1985,knows,male
1985,kills,male
1985,comes,male
1985,helps,male
1985,dies,male
1985,moves,male
1985,falls,male
1985,sells,male
1986,loves,male
1986,saves,male
1986,convinces,male
1986,returns,male
1986,comes,male
1986,kills,male
1986,quarrel,male
1987,lives,male
1987,reveals,male
1987,sews,male
1987,sews,male
1987,introduces,male
1987,sets,male
1987,attempts,male
1987,returns,male
1987,kills,male
1987,loves,male
1987,forces,male
1987,asks,male
1987,realises,male
1987,tells,male
1987,recognizes,male
1987,dies,male
1987,opposes,male
1987,chooses,male
1987,chooses,male
1987,wants,male
1987,finds,male
1987,hires,male
1987,decides,male
1987,defeats,male
1987,stops,male
1987,leaves,male
1987,confronts,male
1987,watches,male
1987,commits,male
1988,tries,male
1988,agrees,male
1988,kills,male
1988,reaches,male
1988,sees,male
1988,joins,male
1988,develops,male
1988,hunts,male
1988,kills,male
1988,sends,male
1988,strikes,male
1988,discovers,male
1988,manages,male
1988,suspects,male
1988,blames,male
1988,loses,male
1988,leaves,male
1988,shuns,male
1988,reaches,male
1988,confronts,male
1988,confronts,male
1988,confronts,male
1988,meets,male
1988,adopts,male
1989,gains,male
1989,comes,male
1989,demands,male
1989,urges,male
1989,plans,male
1989,dies,male
1989,decides,male
1989,wants,male
1989,betrays,male
1989,wants,male
1989,betrays,male
1989,refuses,male
1989,attempts,male
1989,persuades,male
1989,appears,male
1989,appears,male
1989,shows,male
1989,refuses,male
1989,continues,male
1989,befriends,male
1989,finds,male
1989,meets,male
1989,grows,male
1989,returns,male
1989,crosses,male
1990,gets,male
1990,kills,male
1990,permits,male
1990,finds,male
1990,ensures,male
1990,backwards,male
1990,kills,male
1990,smirks,male
1990,decides,male
1990,respects,male
1990,s,male
1990,finds,male
1990,agrees,male
1990,finds,male
1990,bears,male
1990,finds,male
1990,manages,male
1990,believes,male
1990,falls,male
1990,brings,male
1990,follows,male
1990,begins,male
1990,joins,male
1990,confronts,male
1990,informs,male
1990,informs,male
1990,asks,male
1990,asks,male
1990,learns,male
1990,likes,male
1990,kills,male
1990,plays,male
1990,arrives,male
1990,warns,male
1990,helps,male
1990,decides,male
1990,joins,male
1990,dies,male
1990,falls,male
1990,moves,male
1990,kills,male
1990,makes,male
1990,lives,male
1990,returns,male
1990,befriends,male
1991,points,male
1991,kills,male
1991,asks,male
1991,says,male
1991,comes,male
1991,makes,male
1991,disowns,male
1991,refuses,male
1991,meets,male
1991,befriends,male
1991,returns,male
1991,seeks,male
1991,attempts,male
1991,decides,male
1991,fortunes,male
1991,plays,male
1991,plays,male
1991,arranges,male
1991,lives,male
1991,explains,male
1991,finds,male
1991,arrests,male
1991,wants,male
1991,dies,male
1991,runs,male
1991,likes,male
1991,takes,male
1991,confronts,male
1991,enacts,male
1991,does,male
1991,kills,male
1991,wants,male
1991,sends,male
1991,tortures,male
1991,allows,male
1991,loses,male
1991,understands,male
1991,allows,male
1991,tells,male
1991,goes,male
1991,tells,male
1991,tooks,male
1991,comes,male
1991,kills,male
1991,advises,male
1991,grabs,male
1991,grows,male
1991,gets,male
1991,finds,male
1991,saves,male
1991,informs,male
1991,realises,male
1992,revolts,male
1992,signs,male
1992,joins,male
1992,arrests,male
1992,wants,male
1992,comes,male
1992,marries,male
1992,comes,male
1992,leaves,male
1992,convinces,male
1992,tells,male
1992,tries,male
1992,meets,male
1992,comes,male
1992,gets,male
1992,finds,male
1992,pays,male
1992,finds,male
1992,returns,male
1992,wants,male
1992,asks,male
1992,wants,male
1992,comes,male
1992,intervenes,male
1992,returns,male
1992,consoles,male
1992,berates,male
1992,comes,male
1992,thinks,male
1992,finds,male
1992,catches,male
1992,tells,male
1992,meets,male
1992,brings,male
1992,finds,male
1992,meets,male
1992,consoles,male
1992,appears,male
1992,tells,male
1992,takes,male
1992,locks,male
1992,lets,male
1992,meets,male
1992,enlists,male
1992,says,male
1992,kills,male
1992,attacks,male
1992,recruits,male
1992,says,male
1992,comes,male
1992,sets,male
1992,finishes,male
1992,finishes,male
1992,tries,male
1992,prefers,male
1992,distributes,male
1992,lives,male
1993,works,male
1993,lives,male
1993,leaves,male
1993,buys,male
1993,asks,male
1993,ends,male
1993,remembers,male
1993,recognizes,male
1993,completes,male
1993,makes,male
1993,takes,male
1993,meets,male
1993,finds,male
1993,realises,male
1993,gets,male
1993,tries,male
1993,informs,male
1993,refuses,male
1993,befriends,male
1993,wants,male
1993,exposes,male
1993,lives,male
1993,exposes,male
1993,plays,male
1993,gets,male
1993,falls,male
1993,tries,male
1993,kills,male
1993,finds,male
1993,starts,male
1993,arranges,male
1993,s,male
1993,gets,male
1993,takes,male
1993,grows,male
1993,performs,male
1993,tells,male
1993,takes,male
1993,goes,male
1993,desires,male
1993,lives,male
1993,misunderstands,male
1994,tells,male
1994,thinks,male
1994,kills,male
1994,falls,male
1994,gets,male
1994,reminds,male
1994,finds,male
1994,bashes,male
1994,forgives,male
1994,avenges,male
1994,sentences,male
1995,wants,male
1995,comes,male
1995,marries,male
1995,places,male
1995,wants,male
1995,arranges,male
1995,decides,male
1995,uses,male
1996,finds,male
1996,finds,male
1996,travels,male
1996,finds,male
1996,stops,male
1996,sells,male
1996,kills,male
1996,tries,male
1996,dies,male
1996,tries,male
1996,kills,male
1996,kills,male
1996,vows,male
1996,finds,male
1996,tells,male
1996,accepts,male
1996,decides,male
1996,tries,male
1996,loathes,male
1996,accosts,male
1996,manages,male
1996,assassinates,male
1996,kills,male
1996,encounters,male
1996,burns,male
1996,goes,male
1996,gets,male
1996,decides,male
1996,stops,male
1996,asks,male
1996,murder,male
1996,looks,male
1996,discovers,male
1996,agrees,male
1996,loses,male
1997,earns,male
1997,asks,male
1997,finds,male
1997,obliges,male
1997,lies,male
1997,meets,male
1997,finds,male
1997,pooja,male
1997,manages,male
1997,betrays,male
1997,realizes,male
1997,calls,male
1997,helps,male
1997,lives,male
1997,holds,male
1997,contacts,male
1997,confides,male
1997,apprehends,male
1997,apprehends,male
1997,refuses,male
1997,gets,male
1997,kills,male
1997,helps,male
1997,kills,male
1997,calls,male
1997,helps,male
1997,finds,male
1997,encounters,male
1997,divulges,male
1997,assigns,male
1997,advises,male
1997,brings,male
1997,chokes,male
1997,pleads,male
1997,brings,male
1997,works,male
1997,meets,male
1997,commits,male
1997,meets,male
1997,tells,male
1997,wishes,male
1997,sees,male
1997,sees,male
1997,humiliates,male
1997,asks,male
1997,tells,male
1997,visits,male
1997,falls,male
1997,leaves,male
1997,learns,male
1997,uses,male
1997,tracks,male
1997,kills,male
1997,slays,male
1997,arrives,male
1998,starts,male
1998,comes,male
1998,comes,male
1998,sees,male
1998,feels,male
1998,agrees,male
1998,meets,male
1998,runs,male
1998,signs,male
1998,hears,male
1998,takes,male
1998,kills,male
1998,finds,male
1998,confronts,male
1998,reveals,male
1998,runs,male
1998,swears,male
1998,realizes,male
1998,wants,male
1998,concerns,male
1998,trains,male
1998,plays,male
1998,takes,male
1998,threatens,male
1998,fears,male
1998,kills,male
1998,sets,male
1998,takes,male
1998,urges,male
1998,plays,male
1998,uses,male
1998,happens,male
1998,goes,male
1999,insists,male
1999,wishes,male
1999,meets,male
1999,advises,male
1999,convinces,male
1999,comes,male
1999,comforts,male
1999,forces,male
1999,kills,male
1999,kumargrows,male
1999,reaches,male
1999,delivers,male
1999,stays,male
1999,turns,male
1999,tells,male
1999,gets,male
1999,calls,male
1999,goes,male
1999,betrays,male
1999,finds,male
1999,enters,male
1999,attempts,male
1999,asks,male
1999,performs,male
1999,trains,male
1999,phones,male
1999,discovers,male
1999,stages,male
1999,meets,male
1999,agrees,male
1999,asks,male
1999,loves,male
1999,tries,male
1999,pleads,male
1999,wants,male
1999,sings,male
1999,praises,male
1999,begins,male
1999,recruits,male
1999,tries,male
1999,hires,male
1999,recognizes,male
1999,tries,male
2000,finds,male
2000,makes,male
2000,comes,male
2000,introduces,male
2000,takes,male
2000,saves,male
2000,finds,male
2000,provides,male
2000,persuades,male
2000,finds,male
2000,meets,male
2000,thinks,male
2000,does,male
2000,happens,male
2000,spots,male
2000,confuses,male
2000,takes,male
2000,rapes,male
2000,kills,male
2000,tells,male
2000,kills,male
2000,decides,male
2000,kills,male
2000,meets,male
2000,sends,male
2000,persuades,male
2000,kills,male
2000,hires,male
2000,starts,male
2000,gets,male
2000,betrays,male
2000,prompts,male
2000,discovers,male
2000,learns,male
2000,joins,male
2000,approaches,male
2000,takes,male
2000,consoles,male
2000,appears,male
2000,tells,male
2000,reminds,male
2000,reveals,male
2000,faces,male
2000,loves,male
2001,tries,male
2001,reveals,male
2001,loves,male
2001,enrages,male
2001,meets,male
2001,dispatches,male
2001,saves,male
2001,explains,male
2001,begins,male
2001,shows,male
2001,lives,male
2001,tells,male
2001,enlists,male
2001,relates,male
2001,asks,male
2001,comes,male
2001,marries,male
2001,manages,male
2001,comes,male
2001,lets,male
2001,investigates,male
2001,sets,male
2001,misses,male
2001,takes,male
2001,gets,male
2001,witness,male
2001,intervenes,male
2001,opposes,male
2001,expresses,male
2001,wants,male
2001,comes,male
2001,takes,male
2001,tells,male
2001,offers,male
2001,informs,male
2002,comes,male
2002,raises,male
2002,introduces,male
2002,asks,male
2002,comes,male
2002,comes,male
2002,comes,male
2002,convinces,male
2002,musters,male
2002,locates,male
2002,persuades,male
2002,murders,male
2002,tries,male
2002,lives,male
2002,spots,male
2002,looks,male
2002,befriends,male
2002,arranges,male
2002,informs,male
2002,blames,male
2002,ends,male
2002,arranges,male
2002,slits,male
2002,enrages,male
2002,chases,male
2002,calls,male
2002,gets,male
2002,likes,male
2002,wants,male
2002,relents,male
2002,refuses,male
2002,hits,male
2002,realises,male
2002,backs,male
2002,gathers,male
2003,recalls,male
2003,advises,male
2003,learns,male
2003,threatens,male
2003,lives,male
2003,wishes,male
2003,wants,male
2003,dies,male
2003,worships,male
2003,shoots,male
2003,returns,male
2003,returns,male
2003,kills,male
2003,tries,male
2003,consults,male
2003,returns,male
2003,meets,male
2003,arrives,male
2003,marries,male
2003,alias,male
2003,fails,male
2003,takes,male
2003,gives,male
2003,accepts,male
2003,announces,male
2003,finds,male
2003,plays,male
2003,helps,male
2003,gets,male
2003,helps,male
2003,helps,male
2003,meets,male
2003,suspects,male
2003,reprimands,male
2003,shows,male
2003,owes,male
2003,tells,male
2003,gets,male
2003,moves,male
2003,reveals,male
2003,says,male
2003,misses,male
2003,believes,male
2003,does,male
2003,sees,male
2003,takes,male
2003,befriends,male
2003,hits,male
2003,meets,male
2003,returns,male
2003,gets,male
2003,meets,male
2003,meets,male
2003,criticises,male
2003,shatters,male
2003,marries,male
2003,learns,male
2003,announces,male
2003,asks,male
2003,sends,male
2003,sees,male
2003,finds,male
2003,kidnapping,male
2003,saves,male
2003,goes,male
2003,finds,male
2003,apprehends,male
2004,lives,male
2004,arrives,male
2004,follows,male
2004,tells,male
2004,tries,male
2004,kills,male
2004,meets,male
2004,calls,male
2004,turns,male
2004,sets,male
2004,transgresses,male
2004,ignores,male
2004,wants,male
2004,kills,male
2004,agrees,male
2004,invites,male
2004,ensures,male
2004,seizes,male
2004,visits,male
2004,meets,male
2004,disapproves,male
2004,asks,male
2004,vikas,male
2004,asks,male
2004,meets,male
2004,travels,male
2004,warns,male
2004,wants,male
2004,summons,male
2004,summons,male
2004,confesses,male
2004,slips,male
2004,gets,male
2004,finds,male
2004,marries,male
2004,marries,male
2004,returns,male
2004,grows,male
2004,meets,male
2004,leaves,male
2004,migrates,male
2004,finds,male
2004,identifies,male
2004,identifies,male
2004,confesses,male
2004,prevents,male
2004,tells,male
2004,continues,male
2004,comes,male
2004,brings,male
2004,visits,male
2004,lives,male
2004,scolds,male
2004,scolds,male
2004,slaps,male
2005,realizes,male
2005,expects,male
2005,discloses,male
2005,calls,male
2005,turns,male
2005,realises,male
2005,states,male
2005,entraps,male
2005,rescues,male
2005,gives,male
2005,calls,male
2005,takes,male
2005,meets,male
2005,meets,male
2005,kills,male
2005,relents,male
2005,coaxes,male
2005,lives,male
2005,cancels,male
2005,gets,male
2005,uses,male
2005,manages,male
2005,blasts,male
2005,sets,male
2005,leaves,male
2005,gets,male
2005,delivers,male
2005,forgets,male
2005,tries,male
2005,trains,male
2005,finds,male
2005,wants,male
2005,hunts,male
2005,hunts,male
2005,tells,male
2005,dies,male
2005,takes,male
2005,sends,male
2005,follows,male
2005,goes,male
2005,takes,male
2005,falls,male
2005,finds,male
2005,finds,male
2005,says,male
2005,marries,male
2005,plans,male
2005,expresses,male
2005,kidnaps,male
2005,appoints,male
2005,develops,male
2005,chases,male
2005,meets,male
2005,suggests,male
2005,marries,male
2005,confronts,male
2005,explains,male
2005,charges,male
2005,questions,male
2005,falls,male
2005,returns,male
2005,meets,male
2005,saves,male
2005,tells,male
2005,lives,male
2005,offers,male
2005,decides,male
2005,succeeds,male
2005,comes,male
2005,wants,male
2006,finds,male
2006,focusses,male
2006,returns,male
2006,lives,male
2006,records,male
2006,comes,male
2006,informs,male
2006,teames,male
2006,turns,male
2006,refuses,male
2006,decides,male
2006,questions,male
2006,releases,male
2006,sends,male
2006,plans,male
2006,owes,male
2006,announces,male
2006,buys,male
2006,enters,male
2006,happens,male
2006,dies,male
2006,murders,male
2006,includes,male
2006,sends,male
2006,prefers,male
2006,finds,male
2006,attacks,male
2006,meets,male
2006,comes,male
2006,finds,male
2006,tries,male
2006,kills,male
2006,pretends,male
2006,tells,male
2006,lands,male
2006,wants,male
2006,invites,male
2006,places,male
2006,allows,male
2006,offers,male
2006,gets,male
2006,takes,male
2006,uses,male
2006,undergoes,male
2006,meets,male
2006,encourages,male
2006,appears,male
2006,kidnaps,male
2006,appropriates,male
2006,convinces,male
2006,alias,male
2006,convinces,male
2006,meets,male
2006,fails,male
2006,comes,male
2006,enters,male
2006,drops,male
2006,leaves,male
2006,convinces,male
2006,tells,male
2006,shows,male
2006,tells,male
2006,manages,male
2006,joins,male
2006,tells,male
2006,sends,male
2006,knocks,male
2006,picks,male
2006,hopes,male
2006,falls,male
2006,uses,male
2006,values,male
2006,comes,male
2006,leads,male
2006,gives,male
2006,gives,male
2006,hits,male
2006,invites,male
2006,informs,male
2006,takes,male
2007,plays,male
2007,plays,male
2007,remains,male
2007,plays,male
2007,pays,male
2007,treats,male
2007,heads,male
2007,beheads,male
2007,arrives,male
2007,tries,male
2007,laughs,male
2007,betrays,male
2007,stops,male
2007,realises,male
2007,calls,male
2007,explains,male
2007,wants,male
2007,tells,male
2007,encounters,male
2007,gives,male
2007,finds,male
2007,finds,male
2007,kills,male
2007,sends,male
2007,gets,male
2007,falls,male
2007,watches,male
2007,decides,male
2007,entertains,male
2007,lives,male
2007,needs,male
2007,gets,male
2007,informs,male
2007,asks,male
2007,joins,male
2007,finds,male
2007,decides,male
2007,rejects,male
2007,uses,male
2007,meets,male
2007,introduces,male
2007,mimicks,male
2007,meets,male
2007,defeats,male
2007,gets,male
2007,smells,male
2007,sends,male
2007,loses,male
2007,complains,male
2007,leaves,male
2007,manages,male
2007,reports,male
2007,takes,male
2007,anger,male
2008,swears,male
2008,gets,male
2008,protests,male
2008,demands,male
2008,narrates,male
2008,owns,male
2008,wears,male
2008,defines,male
2008,wins,male
2008,destroys,male
2008,kills,male
2008,returns,male
2008,escapes,male
2008,meets,male
2008,tells,male
2008,hires,male
2008,decides,male
2008,says,male
2008,discards,male
2008,meets,male
2008,realises,male
2008,asks,male
2008,replaces,male
2008,calls,male
2008,comes,male
2008,supports,male
2008,kidnaps,male
2008,argues,male
2008,declares,male
2008,disappears,male
2008,narrates,male
2008,lets,male
2008,tries,male
2008,sees,male
2008,arrests,male
2008,disappears,male
2008,tricks,male
2008,overcomes,male
2008,falls,male
2008,feels,male
2008,introduces,male
2008,disbands,male
2008,tells,male
2008,carries,male
2008,learns,male
2008,agrees,male
2008,realizes,male
2008,pays,male
2008,tells,male
2008,turns,male
2008,tackles,male
2008,approaches,male
2008,accuses,male
2008,convinces,male
2008,meets,male
2008,finds,male
2008,agrees,male
2008,goes,male
2008,visits,male
2008,assists,male
2008,encourages,male
2008,introduces,male
2008,intervenes,male
2008,grows,male
2008,battles,male
2008,travels,male
2008,develops,male
2008,pleads,male
2008,tries,male
2008,meets,male
2008,suffers,male
2008,calls,male
2008,knows,male
2008,kills,male
2009,kills,male
2009,heals,male
2009,tries,male
2009,flees,male
2009,arrives,male
2009,meets,male
2009,saves,male
2009,demands,male
2009,comes,male
2009,shoots,male
2009,causes,male
2009,comes,male
2009,shoots,male
2009,adores,male
2009,revolves,male
2009,comes,male
2009,realises,male
2009,explains,male
2009,meets,male
2009,rane,male
2010,realizes,male
2010,comes,male
2010,shows,male
2010,convinces,male
2010,comes,male
2010,promises,male
2010,seeks,male
2010,decides,male
2010,supports,male
2010,convinces,male
2010,tells,male
2010,introduces,male
2010,dies,male
2010,carries,male
2010,tells,male
2010,presents,male
2010,meets,male
2010,finds,male
2010,plays,male
2010,persuades,male
2010,attacks,male
2010,falls,male
2010,demands,male
2011,sees,male
2011,uses,male
2011,crosses,male
2011,asks,male
2011,watches,male
2011,shows,male
2011,sets,male
2011,narrates,male
2011,says,male
2012,opens,male
2012,calls,male
2012,completes,male
2012,finds,male
2012,gets,male
2012,singh,male
2012,visits,male
2012,singh,male
2012,manages,male
2012,attempts,male
2012,identifies,male
2012,identifies,male
2012,concludes,male
2012,disapproves,male
2012,starts,male
2012,angers,male
2012,kills,male
2012,reaches,male
2013,lives,male
2013,shoots,male
2013,kills,male
2013,agrees,male
2013,convinces,male
2014,causes,male
2014,asks,male
2014,decides,male
2014,returns,male
2014,breaks,male
2014,adopts,male
2014,meets,male
2015,expresses,male
2015,lands,male
2015,calls,male
2015,calls,male
2015,sends,male
2015,captures,male
2015,knocks,male
2015,decides,male
2015,treats,male
2015,evacuates,male
2015,nabs,male
2015,talks,male
2015,owns,male
2015,jumps,male
2015,finds,male
2015,shoots,male
2015,enters,male
2015,beats,male
2015,finds,male
2015,scolds,male
2015,advises,male
2015,falls,male
2015,kills,male
2015,helps,male
2015,meets,male
2015,narrates,male
2015,tries,male
2015,sees,male
2015,takes,male
2015,reveals,male
2015,loves,male
2015,tells,male
2015,discovers,male
2015,treats,male
2015,meets,male
2015,sees,male
2015,wants,male
2015,refuses,male
2015,comes,male
2015,dies,male
2015,works,male
2015,uses,male
2015,gets,male
2015,arranges,male
2015,reveals,male
2015,likes,male
2015,resists,male
2015,comes,male
2015,tells,male
2015,goes,male
2015,feels,male
2015,meets,male
2015,files,male
2015,tells,male
2015,holds,male
2015,arrives,male
2015,meets,male
2015,escalates,male
2015,tries,male
2015,tries,male
2015,recovers,male
2015,reaches,male
2015,reaches,male
2015,vows,male
2015,regrets,male
2015,asks,male
2015,meets,male
2015,survives,male
2015,burns,male
2015,refuses,male
2015,challenges,male
2015,needs,male
2014,ends,male
2014,hands,male
2014,arrives,male
2014,tells,male
2014,believes,male
2014,forgives,male
2014,shoots,male
2014,goads,male
2014,asks,male
2014,joins,male
2014,enters,male
2014,hopes,male
2014,calls,male
2014,learns,male
2014,narrates,male
2014,finds,male
2014,shoots,male
2014,uses,male
2014,refuses,male
2014,visits,male
2014,meets,male
2014,takes,male
2014,disowns,male
2014,leaves,male
2014,meets,male
2014,barges,male
2014,encounters,male
2014,meets,male
2014,hears,male
2014,beats,male
2014,prepares,male
2014,enters,male
2014,starts,male
2014,gets,male
2014,realises,male
2014,enters,male
2014,chases,male
2014,realises,male
2014,gives,male
2014,endures,male
2013,dies,male
2013,rallies,male
2013,comes,male
2013,humiliates,male
2013,shoots,male
2013,feeds,male
2013,tells,male
2013,calls,male
2013,gets,male
2013,stabs,male
2013,warns,male
2013,takes,male
2013,promises,male
2013,brings,male
2013,thinks,male
2013,convinces,male
2013,identifies,male
2013,turns,male
2013,singh,male
2013,brings,male
2013,kills,male
2013,saves,male
2013,disapproves,male
2013,listens,male
2013,joins,male
2013,attacks,male
2013,asks,male
2013,dies,male
2013,lays,male
2013,kills,male
2013,begins,male
2013,woos,male
2013,arrives,male
2013,runs,male
2013,dies,male
2013,tells,male
2013,advises,male
2013,moves,male
2013,meets,male
2013,saves,male
2013,comes,male
2013,calls,male
2013,wants,male
2013,kills,male
2013,marries,male
2013,beats,male
2013,argues,male
2013,dies,male
2013,joins,male
2013,fails,male
2013,tracks,male
2013,survives,male
2013,reveals,male
2013,shoots,male
2013,calls,male
2013,takes,male
2013,hopes,male
2013,tells,male
2013,dies,male
2012,goes,male
2012,calls,male
2012,tells,male
2012,brings,male
2012,sets,male
2012,commits,male
2012,calls,male
2012,arranges,male
2012,informs,male
2012,takes,male
2012,loves,male
2012,suggests,male
2012,shoots,male
2012,travels,male
2012,experiences,male
2012,prepares,male
2012,keeps,male
2012,summons,male
2012,arrives,male
2012,joins,male
2012,shoots,male
2012,says,male
2012,develops,male
2012,sends,male
2012,disappears,male
2012,bumps,male
2012,tells,male
2012,makes,male
2012,describes,male
2012,kills,male
2012,manipulates,male
2012,goes,male
2012,loves,male
2012,invites,male
2012,involves,male
2012,enters,male
2012,tortures,male
2012,wants,male
2012,arrives,male
2012,picks,male
2012,arrives,male
2012,defuses,male
2012,begins,male
2012,begins,male
2012,helps,male
2012,joins,male
2012,interferes,male
2012,snatches,male
2012,arrives,male
2012,gets,male
2011,commits,male
2011,dies,male
2011,beats,male
2011,smashes,male
2011,a.k.a.,male
2011,asks,male
2011,reaches,male
2011,gives,male
2011,kidnaps,male
2011,meets,male
2011,invites,male
2011,seeks,male
2011,thinks,male
2011,suspects,male
2011,hates,male
2011,finds,male
2011,tells,male
2011,visits,male
2011,drops,male
2011,reveals,male
2011,angers,male
2011,invites,male
2011,follows,male
2011,uncovers,male
2011,gets,male
2011,elopes,male
2011,poses,male
2011,admits,male
2011,attempts,male
2011,mixes,male
2011,enters,male
2011,invites,male
2011,bails,male
2011,reveals,male
2011,finds,male
2011,goes,male
2011,takes,male
2011,sets,male
2011,accepts,male
2011,realises,male
2011,promises,male
2011,thanks,male
2011,says,male
2011,feels,male
2011,convinces,male
2011,pulls,male
2011,assists,male
2011,picks,male
2011,comes,male
2011,remembers,male
2011,dates,male
2011,suggests,male
2011,annoys,male
2011,drops,male
2011,approaches,male
2011,drops,male
2011,introduces,male
2011,meets,male
2010,meets,male
2010,works,male
2010,works,male
2010,unifies,male
2010,meets,male
2010,gets,male
2010,believes,male
2010,tells,male
2010,gets,male
2010,wants,male
2010,gets,male
2010,leaves,male
2010,works,male
2010,borrows,male
2010,plays,male
2010,comes,male
2010,ends,male
2010,gives,male
2010,proposes,male
2010,finds,male
2010,fails,male
2010,agrees,male
2010,meets,male
2010,discovers,male
2010,knocks,male
2010,appoints,male
2010,appears,male
2010,offers,male
2010,steps,male
2010,refuses,male
2010,rescues,male
2010,says,male
2010,passes,male
2010,attempts,male
2010,calls,male
2010,tells,male
2010,remembers,male
2010,asks,male
2010,cancells,male
2010,visits,male
2010,understands,male
2010,supports,male
2010,enters,male
2010,goes,male
2010,decides,male
2010,calls,male
2010,comes,male
2010,tries,male
2010,invites,male
2010,hangs,male
2010,approaches,male
2010,revolves,male
2010,helps,male
2010,hesitates,male
2010,says,male
2010,starts,male
2009,drowns,male
2009,realizes,male
2009,works,male
2009,gets,male
2009,leads,male
2009,tries,male
2009,gives,male
2009,arrives,male
2009,returns,male
2009,reconciles,male
2009,helps,male
2009,enters,male
2009,gains,male
2009,loses,male
2009,hails,male
2009,decides,male
2009,meets,male
2009,proposes,male
2009,enters,male
2009,starts,male
2009,wants,male
2009,tells,male
2009,lusts,male
2009,arrives,male
2009,decides,male
2009,receives,male
2009,invites,male
2009,brings,male
2009,sees,male
2009,dies,male
2009,lives,male
2009,joins,male
2009,plays,male
2009,meets,male
2009,finds,male
2009,brings,male
2009,reaches,male
2009,reciprocates,male
2009,attracts,male
1986,asks,male
1986,does,male
1986,kills,male
1986,deserves,male
1986,proves,male
1986,leaves,male
1986,lives,male
1986,comes,male
1970,goes,male
1970,kills,male
1986,brings,male
1986,dies,male
1986,adopts,male
1986,arranges,male
1986,takes,male
1986,gets,male
1970,betrays,male
1971,takes,male
1971,receives,male
1986,builds,male
1986,finds,male
1986,loves,male
1986,hurts,male
1986,wants,male
1986,befriends,male
1971,makes,male
1971,falls,male
1971,lives,male
1972,decides,male
1972,returns,male
1972,wakes,male
1972,passes,male
1972,faints,male
1972,returns,male
1971,abducts,male
1971,asks,male
1972,refuses,male
1972,asks,male
1972,relents,male
1972,lives,male
1972,adopts,male
1972,attacks,male
1972,kills,male
1972,dies,male
1972,runs,male
1972,comes,male
1971,kills,male
1971,carries,male
1972,smiles,male
1972,earns,male
1972,passes,male
1972,lives,male
1972,finds,male
1972,comes,male
1972,works,male
1972,accepts,male
1972,meets,male
1972,breaks,male
1972,asks,male
1972,wants,male
1972,asks,male
1972,recognises,male
1972,tries,male
1972,finds,male
1972,grows,male
1972,surajfalls,male
1972,kills,male
1972,saves,male
1972,kills,male
1972,gets,male
1973,starts,male
1973,accuses,male
1973,fights,male
1972,decides,male
1972,lives,male
1972,gets,male
1972,loses,male
1972,joins,male
1973,decides,male
1973,starts,male
1972,recruits,male
1994,lives,male
1994,treats,male
1994,tries,male
1994,hangs,male
1994,opposes,male
1994,pretends,male
1994,pretends,male
1994,treats,male
1994,revisits,male
1994,wants,male
1973,finds,male
1973,finds,male
1994,passes,male
1994,witness,male
1994,decides,male
1994,loves,male
1994,recovers,male
1994,confronts,male
1994,meets,male
1994,learns,male
1994,meets,male
1994,persuades,male
1994,wins,male
1994,comes,male
1994,takes,male
1994,tries,male
1994,thinks,male
1994,finds,male
1994,decides,male
1994,starts,male
1994,breaks,male
1994,sees,male
1994,enters,male
1994,brings,male
1994,finds,male
1994,leaves,male
1994,calls,male
1994,owns,male
1994,marries,male
1994,reveals,male
1994,tells,male
1994,supports,male
1994,meets,male
1995,protects,male
1995,survives,male
1995,takes,male
1995,advocates,male
1995,rushes,male
1995,decides,male
1995,meets,male
1995,forces,male
1995,falls,male
1995,lives,male
1995,wants,male
1995,wants,male
1974,kills,male
1974,saves,male
1995,comes,male
1995,lives,male
1995,convinces,male
1995,consults,male
1995,refuses,male
1995,learns,male
1995,dies,male
1995,takes,male
1995,works,male
1995,arranges,male
1995,gets,male
1974,loses,male
1995,captures,male
1995,captures,male
1995,approaches,male
1995,finds,male
1995,tries,male
1995,meets,male
1975,returns,male
1975,comes,male
1975,agrees,male
1975,tries,male
1975,recognises,male
1975,leads,male
1975,finds,male
1975,signals,male
2012,suspects,male
2012,acts,male
2012,accuses,male
2012,meets,male
2012,thinks,male
2012,unfolds,male
1976,befriends,male
1976,needs,male
2012,falls,male
2012,asks,male
2012,does,male
1976,sends,male
1976,hires,male
1976,returns,male
1976,recites,male
1977,prompts,male
1977,meets,male
1977,asks,male
1977,meets,male
2011,meets,male
2011,calls,male
2011,kills,male
2011,holds,male
2010,tells,male
2010,captures,male
2010,sneaks,male
2010,discovers,male
2010,comes,male
2010,meets,male
2010,shows,male
2010,slips,male
2010,cuts,male
2010,wants,male
2010,appears,male
2010,gives,male
1979,makes,male
2009,meets,male
2009,arrives,male
2009,bajaj,male
2009,works,male
2009,encounters,male
2009,falls,male
2014,comes,male
2014,tutors,male
2014,helps,male
2014,leaves,male
1979,takes,male
1980,starts,male
1980,loves,male
1980,confronts,male
2014,returns,male
2014,gets,male
2014,kills,male
2014,saves,male
2014,meets,male
2014,kills,male
2014,meets,male
1980,decides,male
1980,comes,male
2014,tells,male
2014,traces,male
2014,sees,male
2014,helps,male
2014,finds,male
2014,disappears,male
2014,joins,male
2014,resolves,male
2014,realizes,male
2014,slaps,male
1980,gets,male
2014,alias,male
2014,tells,male
2014,alias,male
2014,confesses,male
2014,mosessuspects,male
2014,tortures,male
2014,finds,male
2014,shows,male
2014,visits,male
2014,hires,male
2014,meets,male
2014,grows,male
1981,realizes,male
1981,ravi,male
1981,investigates,male
2013,calls,male
1981,brings,male
2013,denies,male
1981,wins,male
1981,trades,male
2013,photographs,male
2013,falls,male
2013,pledges,male
2013,forces,male
2013,tells,male
2013,takes,male
1982,urges,male
2013,finds,male
2013,puts,male
2013,suggests,male
1982,provokes,male
2013,expects,male
2013,kidnaps,male
2013,brawls,male
2013,inspires,male
2013,tries,male
2013,hires,male
2013,tells,male
2013,runs,male
2013,shoots,male
2013,kills,male
2013,takes,male
2013,requests,male
2013,gives,male
2013,loves,male
2013,lives,male
2013,arrives,male
2013,advises,male
2013,packs,male
1982,refuses,male
1983,tells,male
1983,tells,male
1983,goes,male
1983,lives,male
1983,suggests,male
1983,kills,male
1983,thinks,male
1983,comes,male
1984,brings,male
1984,gets,male
1984,takes,male
1984,joins,male
1984,arrives,male
1984,gathers,male
1984,sees,male
1984,decides,male
1984,lives,male
1984,begins,male
1985,tells,male
1985,tells,male
1985,loves,male
1985,delivers,male
1985,meets,male
1985,decides,male
1985,takes,male
1985,makes,male
1985,advises,male
1985,lives,male
1985,meets,male
1985,makes,male
1985,returns,male
1985,goes,male
1985,asks,male
1985,uses,male
1985,brings,male
1985,comes,male
1985,finds,male
1985,convinces,male
2017,tries,male
2017,meets,male
2017,gets,male
2017,delivers,male
2017,bails,male
2017,hires,male
2017,tricks,male
2017,gets,male
2017,studies,male
2017,apologises,male
2017,gets,male
2017,shifts,male
2017,agrees,male
2017,finds,male
2017,meets,male
2017,signals,male
2017,blackmails,male
1987,appears,male
1987,beats,male
2017,realises,male
2017,believes,male
2017,wakes,male
2017,discovers,male
2017,kills,male
2017,proceeds,male
2017,asks,male
2017,arrives,male
2017,participates,male
2017,answers,male
1987,kills,male
2017,plays,male
1987,hijacks,male
1987,dismisses,male
1987,rejects,male
1987,dies,male
1988,pretends,male
1988,meets,male
1988,takes,male
1988,takes,male
1988,persuades,male
1988,moves,male
1988,lives,male
1988,tells,male
1988,knows,male
1988,starts,male
1990,marries,male
1990,blames,male
1990,slaps,male
1990,meets,male
1991,realises,male
1991,grows,male
1991,succeeds,male
1991,returns,male
1991,testifies,male
1991,starts,male
1991,does,male
1991,falls,male
1991,steps,male
1991,hires,male
1992,gets,male
1992,rescues,male
1992,sees,male
1992,leaves,male
1992,accepts,male
1992,refuses,male
1992,works,male
1992,reviews,male
1992,narrates,male
1992,molests,male
1992,thinks,male
1992,learns,male
1992,realises,male
1993,disappears,male
1993,grows,male
1993,rushes,male
1993,falls,male
1993,helps,male
1993,tries,male
1993,recruits,male
1993,gets,male
1993,arrests,male
1993,kills,male
1993,bothers,male
1993,goes,male
1993,starts,male
1993,suffers,male
1993,enters,male
1993,brings,male
1993,enters,male
1993,does,male
1993,goes,male
1993,takes,male
1993,takes,male
1993,attempts,male
1993,lives,male
1993,asks,male
1996,writes,male
1996,leaves,male
1996,tells,male
2016,calls,male
2016,detonates,male
2016,lives,male
2016,meets,male
2016,recounts,male
2016,chides,male
2016,extends,male
2016,arrives,male
1996,puts,male
1996,looks,male
1996,asks,male
1996,declines,male
2016,marries,male
2016,accepts,male
2016,realizes,male
2016,shoots,male
2016,returns,male
2016,turns,male
2016,realizes,male
2016,asks,male
2016,begins,male
1996,lives,male
2016,searches,male
2016,comes,male
1996,gets,male
1996,brings,male
2016,says,male
2016,calls,male
2016,kills,male
2016,lives,male
2016,tortures,male
2016,decides,male
2016,sees,male
2016,falls,male
1996,asks,male
2016,declares,male
2016,beats,male
2016,explains,male
2016,advises,male
2016,puts,male
2016,meets,male
2016,accepts,male
2016,leaves,male
2016,lives,male
2016,takes,male
2016,includes,male
2016,arrives,male
2016,angers,male
2016,wears,male
2016,echoes,male
2016,confesses,male
2016,causes,male
1996,holds,male
1996,confronts,male
2016,confronts,male
2016,tells,male
2016,features,male
2016,commits,male
2016,turns,male
2016,heads,male
2016,confronts,male
2016,sends,male
2016,kills,male
2016,asks,male
2016,recognizes,male
2016,goes,male
2016,meets,male
2016,moves,male
2016,starts,male
2016,attempts,male
2016,reaches,male
2016,tells,male
2016,leads,male
2016,plays,male
2016,goes,male
2016,realizes,male
2016,robs,male
2016,lives,male
2016,tells,male
2016,plays,male
2016,saves,male
2016,enters,male
1996,destroys,male
1996,destroys,male
2016,sees,male
2016,attacks,male
1997,finds,male
2016,takes,male
2016,sends,male
2016,wants,male
2016,proposes,male
2016,attacks,male
2016,manages,male
1997,feels,male
1997,starts,male
1997,sacrifices,male
1997,tries,male
1997,recounts,male
1997,kills,male
1997,returns,male
2016,realises,male
2016,hits,male
2016,questions,male
2016,suspects,male
2016,seeks,male
2016,tries,male
2016,takes,male
2016,proposes,male
2016,interrogates,male
2016,interrogates,male
2016,considers,male
1997,kills,male
1997,helps,male
1997,assists,male
1997,meets,male
1997,gets,male
1997,gets,male
1997,teams,male
1997,finds,male
1997,takes,male
1997,gets,male
1997,ends,male
1997,frames,male
1997,assigns,male
1997,frames,male
1998,gets,male
1998,meets,male
1998,enters,male
1998,confronts,male
1998,finds,male
1998,meets,male
1998,discovers,male
1998,plays,male
1998,prefers,male
1998,suggests,male
1998,persuades,male
1998,impersonates,male
1998,persuades,male
1998,finds,male
1998,finds,male
1998,returns,male
1998,decides,male
1998,sees,male
1998,repents,male
1998,confesses,male
1998,decides,male
1998,comes,male
1998,abducts,male
1998,hunts,male
1998,assassinates,male
1998,tries,male
1999,tells,male
1999,starts,male
1999,lives,male
1999,runs,male
1999,kicks,male
1999,goes,male
1999,reunite,male
1999,meets,male
1999,tries,male
1999,confronts,male
1999,forces,male
1999,escapes,male
1999,meets,male
1999,owns,male
1999,asks,male
2000,gets,male
2000,marries,male
2000,goes,male
2000,accompanies,male
2015,picks,male
2000,overpowers,male
2000,wants,male
2000,swears,male
2015,comes,male
2001,sees,male
2001,sends,male
2001,impresses,male
2015,plays,male
2015,lives,male
2001,asks,male
2015,fixes,male
2015,asks,male
2015,defeats,male
2015,decides,male
2015,arrives,male
2015,knows,male
2015,decides,male
2001,shuns,male
2001,arranges,male
2001,asks,male
2001,finds,male
2001,divorces,male
2002,senses,male
2002,confesses,male
2002,marries,male
2002,takes,male
2002,tells,male
2002,beats,male
2002,finds,male
2002,reveals,male
2002,rejects,male
2002,disagrees,male
2002,thinks,male
2002,saves,male
2002,sets,male
2002,realizes,male
2002,manages,male
2002,comes,male
2002,finds,male
2002,falls,male
2002,begs,male
2002,engages,male
2002,puts,male
2002,risks,male
2002,reveals,male
2003,arrives,male
2003,arrives,male
2003,asks,male
2003,refuses,male
2003,asks,male
2003,arrives,male
2003,mock,male
2003,takes,male
2003,announces,male
2003,finds,male
2003,informs,male
2003,escapes,male
2003,comes,male
2003,belongs,male
2003,meets,male
2003,goes,male
2003,calls,male
2004,introduces,male
2004,launches,male
2004,gets,male
2004,helps,male
2004,decides,male
2004,helps,male
2004,finds,male
2004,tells,male
2004,kicks,male
2004,uncles,male
2004,finds,male
2004,accepts,male
2004,leaves,male
2004,gets,male
2004,dies,male
2004,starts,male
2005,enters,male
2005,teaches,male
2005,disapproves,male
2005,sustains,male
2005,enlists,male
2005,narrates,male
2005,gives,male
2005,convinces,male
2005,hires,male
2005,dies,male
2005,tries,male
2005,finds,male
2005,recruit,male
2005,manages,male
2005,promises,male
2005,meets,male
2005,runs,male
2005,tries,male
2005,marries,male
2005,falls,male
2005,falls,male
2005,convinces,male
2006,chases,male
2006,tells,male
2006,comes,male
2006,takes,male
2006,dislikes,male
2006,advises,male
2006,discovers,male
2006,resigns,male
2006,declares,male
2006,owns,male
2006,owns,male
2006,calls,male
2006,comes,male
2006,hires,male
2006,faint,male
2006,hears,male
2006,begs,male
2006,manipulates,male
2007,agrees,male
2007,approves,male
2007,tracks,male
2007,meets,male
2007,calls,male
2007,tells,male
2007,decides,male
2007,tells,male
2007,regrets,male
2007,shows,male
2007,visits,male
2007,falls,male
2007,gives,male
2007,kidnaps,male
2007,rescues,male
2007,asks,male
2007,delights,male
2007,wants,male
2007,comes,male
2007,crosses,male
2008,comes,male
2008,follows,male
2008,divorces,male
2008,makes,male
1971,gets,male
1971,moves,male
1971,comes,male
